[{"pos_x": 0.75, "pos_y": -57.28, "rotation": 0.0, "side": "top", "designator": "J5", "mpn": null, "pack": "KF3012P", "value": "Screw_Terminal_01x02", "mount_type": "tht"}, {"pos_x": 13.33, "pos_y": -21.21, "rotation": 180.0, "side": "top", "designator": "J4", "mpn": null, "pack": "PinSocket_1x05_P2.54mm_Horizontal", "value": "Conn_01x04_Socket", "mount_type": "tht"}, {"pos_x": -12.77, "pos_y": -31.54, "rotation": 0.0, "side": "top", "designator": "PS1", "mpn": null, "pack": "HLKPM01", "value": "HLK-PM01", "mount_type": "tht"}, {"pos_x": -15.05, "pos_y": -47.02, "rotation": 0.0, "side": "top", "designator": "K1", "mpn": null, "pack": "HF49FD0051H22G", "value": "HF49FD_005-1H22G", "mount_type": "tht"}, {"pos_x": 11.1, "pos_y": -46.55, "rotation": 0.0, "side": "top", "designator": "SW1", "mpn": null, "pack": "SW_PUSH_6mm_H4.3mm", "value": "SW_DIP_x01", "mount_type": "tht"}, {"pos_x": -13.78, "pos_y": -57.22, "rotation": 0.0, "side": "top", "designator": "J1", "mpn": null, "pack": "KF3012P", "value": "Screw_Terminal_01x02", "mount_type": "tht"}, {"pos_x": -17.91, "pos_y": -22.24, "rotation": 0.0, "side": "top", "designator": "J2", "mpn": null, "pack": "PinHeader_1x06_P2.00mm_Vertical", "value": "Conn_01x06_Pin", "mount_type": "tht"}, {"pos_x": -15.63, "pos_y": -12.04, "rotation": -90.0, "side": "top", "designator": "J3", "mpn": null, "pack": "KF3012P", "value": "Screw_Terminal_01x02", "mount_type": "tht"}, {"pos_x": 7.1625, "pos_y": -46.01, "rotation": 0.0, "side": "bottom", "designator": "Q1", "mpn": null, "pack": "SOT-23", "value": "S8050", "mount_type": "smt"}, {"pos_x": 4.14, "pos_y": -42.73, "rotation": 0.0, "side": "bottom", "designator": "R2", "mpn": null, "pack": "R_0805_2012Metric", "value": "10K", "mount_type": "smt"}, {"pos_x": 16.42, "pos_y": -18.64, "rotation": 0.0, "side": "bottom", "designator": "R3", "mpn": null, "pack": "R_0805_2012Metric", "value": "10K", "mount_type": "smt"}, {"pos_x": 9.08, "pos_y": -35.56, "rotation": 180.0, "side": "bottom", "designator": "U1", "mpn": null, "pack": "SOT-223-3_TabPin2", "value": "AMS1117-3.3", "mount_type": "smt"}, {"pos_x": 11.16, "pos_y": -15.21, "rotation": -90.0, "side": "bottom", "designator": "C3", "mpn": null, "pack": "C_0805_2012Metric", "value": "0.1uF", "mount_type": "smt"}, {"pos_x": 11.17, "pos_y": -11.75, "rotation": -90.0, "side": "bottom", "designator": "R1", "mpn": null, "pack": "R_0805_2012Metric", "value": "10K", "mount_type": "smt"}, {"pos_x": 12.14, "pos_y": -30.05, "rotation": 0.0, "side": "bottom", "designator": "C2", "mpn": null, "pack": "C_0805_2012Metric", "value": "0.1uF", "mount_type": "smt"}, {"pos_x": 15.62, "pos_y": -34.41, "rotation": 90.0, "side": "bottom", "designator": "C1", "mpn": null, "pack": "CP_EIA-3216-18_Kemet-A_Pad1.58x1.35mm_HandSolder", "value": "22uF", "mount_type": "smt"}, {"pos_x": 16.47, "pos_y": -16.15, "rotation": 0.0, "side": "bottom", "designator": "R4", "mpn": null, "pack": "R_0805_2012Metric", "value": "10K", "mount_type": "smt"}, {"pos_x": -0.47, "pos_y": -15.81, "rotation": 180.0, "side": "bottom", "designator": "U2", "mpn": null, "pack": "ESP32s", "value": "ESP-32s", "mount_type": "smt"}]